{
  "coefficients": {
    "attention": 0.31884095885895425,
    "focus": 0.2827394957260655,
    "comprehension": 0.23152965451466168,
    "retention": 0.17076582627659853,
    "engagement_time": -0.005531163969004993
  },
  "intercept": 0.03397529665073762,
  "metrics": {
    "r2": 0.9471058756947188,
    "mae": 2.384134622623972
  }
}